category_id,category,sub_category
695,Colthing,Wholesale
659,Mirrorless,Limited Edition
571,Suits,Wholesale
564,Surfing,Best Seller
670,Soccer,A1
621,Speakers,Featured
540,Football,
680,,
630,Graden,Budget
515,Garden,patio sets
634,Non-Fiction,Industrial
666,Storage,  Industrial  
652,Cables,Consumer
584,Hockey,Clearance
573,E-Books,Digital Comics
641,Camera Lenses,  Industrial  
528,Textbooks,Clearance
678,PC Gaming!,Industrial
602,Fishing,Regular
526,Outdoor Recreation,Cycling
557,Movies,4K Movies
531,Gym Equipment,New Arrival
694,Memory Cards,Standard
568,Baseball,Standard
595,Storage Containers,New Arrival
685,Cables,  Consumer  
613,Boots,Clearance
638,Computer Accessories,Limited Edition
689,Accessories,Adapters
581,Winter Sports,  Snowboarding  
649,Electronics,Audio
679,Speakers,Clearance
615,Vinyl,Wholesale
599@,Cycling,Consumer
529,Sunglasses,Consumer
534,Pants,Consumer
596,Furniture,Dining Room
651,Diving,Limited Edition
681,Climbing,Wholesale
665,Super Ultra Mega Premium Deluxe Category for Special Items and Products with Extended Features,Best Seller
Rerum maxime esse cum. Exercitationem velit tempora sapiente dolorum. Earum numquam nostrum atque odit nihil neque.,,
"Quam non sapiente natus repudiandae adipisci aliquid odit. Eaque distinctio nemo nulla adipisci suscipit molestias.  """,,
647,Electronics,Gaming
601,Office Furniture,Industrial
592&,Plants,Limited Edition
  688  ,Supplements,Regular
570,Clothing™ #70,Exclusive™!
548,POWER BANKS,Consumer
672,Consoles,Budget
559,Bedroom,Mattresses
501,  Bedroom  ,Dressers
576,Comics,Special Offer
553,  Phone Cases  ,Best Seller
522,Electronics,Mobile Devices
575,ElEcTrOnIcS,New/Items
509,Camera Accessories,New Arrival
549,Girls Clothing,Wholesale
587,Sandals,New Arrival
616,Mirrorless,Retail
617,Earbuds,  Wholesale  
542,Music,Sheet Music!
642,Kitchen,Cookware
623,Language Learning,Professional
510,Non-Fiction Audio,Standard
646,PC Gaming,Wholesale
536,Computers,Computer Accessories
  663  ,Cameras,Camera Lenses
624,Accessories,Memory Cards
662%,T-Shirts,Limited Edition
675,Sports™ #175,Featured
671,TV Series,Wholesale@
696,Smartphones,Regular
519,Sports & Outdoors,Winter Sports
518,  Winter Sports  ,Sledding
640,Electronics™ #140,
579,Kids' Clothing,School Uniforms
611,Hiking,Premium
, , 
644,Sheet Music#,Budget&
690,Snowboarding,Standard
586,Yoga,Budget
645,Patio Sets,Clearance
697,Laptops,Retail
590,Test,
588,Garden Tools,Retail
605,Electronics™ #105,Budget!
556%,Water Polo,Special Offer
655,Digital Movies,Limited Edition
505,electronics,Premum
595,Storage Containers,New Arrival
578,Jackets,Budget
633,Skiing,Regular
619,Sandals,Clearance
,,
583,Suits,Budget
565,Spoorts,Professional
627,T-Shirts,Industrial
  604  ,Cookware,  Featured  
603,Basketball,Standard
692,Dressers,New Arrival
539,Winter Sports,Sledding
530,,
  658  ,Non-Fiction Audio,Wholesale
508,Pants,industrial@
554,Children Books,  Standard  
523,gaming,VR Equipment
594,Jackets,Industrial
609,Books,Textbooks
607,Books & Media,Music
561,  Casual Shoes  ,Regular
574,GAMING,Gaming Chairs
683,Ice Skating,Regular
503%,Football,Consumer
631,Hats*,Retail
656,  PC Gaming  ,Professional
,,
677,Digital Movies,Budget&
552,  TV Series  ,Premium
532,Camera Lenses,Retail
628,Kayaking,Retail
699,Volleyball%,Regular
639,Podcasts,Clearance
622,Bedroom,Bedding
661,Books & Media,Music
558,Kids' Clothing,Girls Clothing
597,Gym Equipment,Standard
563,  Storage  ,Industrial
677,Digital Movies,Budget
551,Non-Fiction Audio,Regular
505,Digital Magazines,Industrial
,ElEcTrOnIcS,
541,e-books,  Digital Magazines  
582,Movies,TV Series%
673,Fiction Audio,Limited Edition
674,  Formal Shoes  ,Special Offer
635,Deportes y Recreación,Clearance
693,Consoles,Featured
636,Surfing,New Arrival
657,PC Gaming,Retail
664,Gaming Chairs,Clearance
566,Living Room,Limited Edition
637,Digital Comics,Budget
567,Utensils,premium
643,Dresses,Clearance
512,Digital Movies,Regular
524,Chargers,Professional
543,Utensils,Retail
625,ElEcTrOnIcS,Standard
585,Movies,  CAT-001  
516,Volleyball,New Arrival
538,Mobile Devices,Chargers
667,HIKING,Retail
618,Cycling,Limited Edition
514,Accessories,Power Banks
660*,,
537,Dressers,Industrial
517,  Blu-ray  ,Featured
682,Earbuds,Clearance
508,Uncategorized,General
610,Super Ultra Mega Premium Deluxe Category for Special Items and Products with Extended Features,Consumer
502,Hockey,Budget
506,Utensils,Budget
614,Climbing,Clearance
590,Test,
668,Volleyball,Standard
653,Snowboarding,Consumer
608,Patio Sets,New Arrival
629,Basketball,Industrial
691,Hiking,  New Arrival  
527,E-Books,Digital Magazines
513,Tablets,Featured
684,Hiking,Wholesale
626,Screen Protectors,Featured
686,  Accessories  ,Memory Cards
598,Swimming,Clearance
612,Bath Mats,New Arrival
507,Chargers,New Arrival
  698  ,Formal Shoes,Regular
535,Electronics™ #35,retail
687,Music,Vinyl
580,,
570,Clothing™ #70,  Exclusive™  
547,  Boots  ,Standard
562,T-Shirts,  Professional  
606,Digital Music,Standard@
593,Water Sports,Kayaking
555,Super Ultra Mega Premium Deluxe Category for Special Items and Products with Extended Features,Consumer
Rerum iusto quibusdam amet veritatis. Officiis quos officiis quidem veniam. Saepe numquam dolores labore beatae.,,
Praesentium quisquam cumque non quibusdam beatae reprehenderit. Autem ad est perspiciatis vero.,,
"Asperiores porro occaecati aut quo. Rem recusandae natus aliquam minus optio architecto officia. Sed reprehenderit autem.""",,
620,Gym Equipment,
546#,  Books & Media  ,E-Books
525,ELECTRONICS,Best Seller
572,  Surfing  ,New Arrival
654,Monitors,Consumer#
544,Boys Clothing,Professional
577,Gym Equipment,Professional
676,Diving,Industrial
533,Laptops,New Arrival
545,MÖBEL & GARTEN,Clearance
589,Suits,Standard
511,Gaming Chairs,New Arrival
632,Soundbars,Clearance
,,
569,Digital Music,Best Seller
648,Basketball,Retail
521,Digital Non-Fiction,Consumer
560,,
669,Digital Non-Fiction,  regular  
591,Utensils,Featured
504,Boys Clothing,Best Seller
520,Comics,
